Links,Page 3
https://parsemachine.com/sandbox/catalog/tovar-1/,?page=2
https://parsemachine.com/sandbox/catalog/tovar-2/,?page=2
https://parsemachine.com/sandbox/catalog/tovar-3/,?page=2
https://parsemachine.com/sandbox/catalog/tovar-4/,?page=2
https://parsemachine.com/sandbox/catalog/tovar-5/,?page=2
https://parsemachine.com/sandbox/catalog/tovar-6/,?page=2
https://parsemachine.com/sandbox/catalog/tovar-7/,?page=2
https://parsemachine.com/sandbox/catalog/tovar-8/,?page=2
https://parsemachine.com/sandbox/catalog/tovar-9/,?page=2
https://parsemachine.com/sandbox/catalog/tovar-10/,?page=2
https://parsemachine.com/sandbox/catalog/tovar-11/,?page=2
https://parsemachine.com/sandbox/catalog/tovar-12/,?page=2
https://parsemachine.com/sandbox/catalog/tovar-13/,?page=3
https://parsemachine.com/sandbox/catalog/tovar-14/,?page=3
https://parsemachine.com/sandbox/catalog/tovar-15/,?page=3
https://parsemachine.com/sandbox/catalog/tovar-16/,?page=3
https://parsemachine.com/sandbox/catalog/tovar-17/,?page=3
https://parsemachine.com/sandbox/catalog/tovar-18/,?page=3
https://parsemachine.com/sandbox/catalog/tovar-19/,?page=3
https://parsemachine.com/sandbox/catalog/tovar-20/,?page=3
https://parsemachine.com/sandbox/catalog/tovar-21/,?page=3
https://parsemachine.com/sandbox/catalog/tovar-22/,?page=3
https://parsemachine.com/sandbox/catalog/tovar-23/,?page=3
https://parsemachine.com/sandbox/catalog/tovar-24/,?page=3
https://parsemachine.com/sandbox/catalog/tovar-25/,?page=4
https://parsemachine.com/sandbox/catalog/tovar-26/,?page=4
https://parsemachine.com/sandbox/catalog/tovar-27/,?page=4
https://parsemachine.com/sandbox/catalog/tovar-28/,?page=4
https://parsemachine.com/sandbox/catalog/tovar-29/,?page=4
https://parsemachine.com/sandbox/catalog/tovar-30/,?page=4
https://parsemachine.com/sandbox/catalog/tovar-31/,?page=4
https://parsemachine.com/sandbox/catalog/tovar-32/,?page=4
https://parsemachine.com/sandbox/catalog/tovar-33/,?page=4
https://parsemachine.com/sandbox/catalog/tovar-34/,?page=4
https://parsemachine.com/sandbox/catalog/tovar-35/,?page=4
https://parsemachine.com/sandbox/catalog/tovar-36/,?page=4
https://parsemachine.com/sandbox/catalog/tovar-37/,?page=5
https://parsemachine.com/sandbox/catalog/tovar-38/,?page=5
https://parsemachine.com/sandbox/catalog/tovar-39/,?page=5
https://parsemachine.com/sandbox/catalog/tovar-40/,?page=5
https://parsemachine.com/sandbox/catalog/tovar-41/,?page=5
https://parsemachine.com/sandbox/catalog/tovar-42/,?page=5
https://parsemachine.com/sandbox/catalog/tovar-43/,?page=5
https://parsemachine.com/sandbox/catalog/tovar-44/,?page=5
https://parsemachine.com/sandbox/catalog/tovar-45/,?page=5
https://parsemachine.com/sandbox/catalog/tovar-46/,?page=5
https://parsemachine.com/sandbox/catalog/tovar-47/,?page=5
https://parsemachine.com/sandbox/catalog/tovar-48/,?page=5
https://parsemachine.com/sandbox/catalog/tovar-49/,?page=6
https://parsemachine.com/sandbox/catalog/tovar-50/,?page=6
https://parsemachine.com/sandbox/catalog/tovar-51/,?page=6
https://parsemachine.com/sandbox/catalog/tovar-52/,?page=6
https://parsemachine.com/sandbox/catalog/tovar-53/,?page=6
https://parsemachine.com/sandbox/catalog/tovar-54/,?page=6
https://parsemachine.com/sandbox/catalog/tovar-55/,?page=6
https://parsemachine.com/sandbox/catalog/tovar-56/,?page=6
https://parsemachine.com/sandbox/catalog/tovar-57/,?page=6
https://parsemachine.com/sandbox/catalog/tovar-58/,?page=6
https://parsemachine.com/sandbox/catalog/tovar-59/,?page=6
https://parsemachine.com/sandbox/catalog/tovar-60/,?page=6
https://parsemachine.com/sandbox/catalog/tovar-61/,?page=7
https://parsemachine.com/sandbox/catalog/tovar-62/,?page=7
https://parsemachine.com/sandbox/catalog/tovar-63/,?page=7
https://parsemachine.com/sandbox/catalog/tovar-64/,?page=7
https://parsemachine.com/sandbox/catalog/tovar-65/,?page=7
https://parsemachine.com/sandbox/catalog/tovar-66/,?page=7
https://parsemachine.com/sandbox/catalog/tovar-67/,?page=7
https://parsemachine.com/sandbox/catalog/tovar-68/,?page=7
https://parsemachine.com/sandbox/catalog/tovar-69/,?page=7
https://parsemachine.com/sandbox/catalog/tovar-70/,?page=7
https://parsemachine.com/sandbox/catalog/tovar-71/,?page=7
https://parsemachine.com/sandbox/catalog/tovar-72/,?page=7
https://parsemachine.com/sandbox/catalog/tovar-73/,?page=8
https://parsemachine.com/sandbox/catalog/tovar-74/,?page=8
https://parsemachine.com/sandbox/catalog/tovar-75/,?page=8
https://parsemachine.com/sandbox/catalog/tovar-76/,?page=8
https://parsemachine.com/sandbox/catalog/tovar-77/,?page=8
https://parsemachine.com/sandbox/catalog/tovar-78/,?page=8
https://parsemachine.com/sandbox/catalog/tovar-79/,?page=8
https://parsemachine.com/sandbox/catalog/tovar-80/,?page=8
https://parsemachine.com/sandbox/catalog/tovar-81/,?page=8
https://parsemachine.com/sandbox/catalog/tovar-82/,?page=8
https://parsemachine.com/sandbox/catalog/tovar-83/,?page=8
https://parsemachine.com/sandbox/catalog/tovar-84/,?page=8
https://parsemachine.com/sandbox/catalog/tovar-85/,?page=9
https://parsemachine.com/sandbox/catalog/tovar-86/,?page=9
https://parsemachine.com/sandbox/catalog/tovar-87/,?page=9
https://parsemachine.com/sandbox/catalog/tovar-88/,?page=9
https://parsemachine.com/sandbox/catalog/tovar-89/,?page=9
https://parsemachine.com/sandbox/catalog/tovar-90/,?page=9
https://parsemachine.com/sandbox/catalog/tovar-91/,?page=9
https://parsemachine.com/sandbox/catalog/tovar-92/,?page=9
https://parsemachine.com/sandbox/catalog/tovar-93/,?page=9
https://parsemachine.com/sandbox/catalog/tovar-94/,?page=9
https://parsemachine.com/sandbox/catalog/tovar-95/,?page=9
https://parsemachine.com/sandbox/catalog/tovar-96/,?page=9
https://parsemachine.com/sandbox/catalog/tovar-97/,?page=10
https://parsemachine.com/sandbox/catalog/tovar-98/,?page=10
https://parsemachine.com/sandbox/catalog/tovar-99/,?page=10
https://parsemachine.com/sandbox/catalog/tovar-100/,?page=10
https://parsemachine.com/sandbox/catalog/tovar-101/,?page=10
https://parsemachine.com/sandbox/catalog/tovar-102/,?page=10
https://parsemachine.com/sandbox/catalog/tovar-103/,?page=10
https://parsemachine.com/sandbox/catalog/tovar-104/,?page=10
https://parsemachine.com/sandbox/catalog/tovar-105/,?page=10
https://parsemachine.com/sandbox/catalog/tovar-106/,?page=10
https://parsemachine.com/sandbox/catalog/tovar-107/,?page=10
https://parsemachine.com/sandbox/catalog/tovar-108/,?page=10
https://parsemachine.com/sandbox/catalog/tovar-109/,?page=9
https://parsemachine.com/sandbox/catalog/tovar-110/,?page=9
https://parsemachine.com/sandbox/catalog/tovar-111/,?page=9
https://parsemachine.com/sandbox/catalog/tovar-112/,?page=9
https://parsemachine.com/sandbox/catalog/tovar-113/,?page=9
https://parsemachine.com/sandbox/catalog/tovar-114/,?page=9
https://parsemachine.com/sandbox/catalog/tovar-115/,?page=9
https://parsemachine.com/sandbox/catalog/tovar-116/,?page=9
https://parsemachine.com/sandbox/catalog/tovar-117/,?page=9
